{"accuracy": [0.04398074001073837, 0.02857142873108387, 0.04783306643366814, 0.06067415699362755, 0.08282504230737686, 0.10208667814731598, 0.14317816495895386, 0.19357945024967194, 0.24173355102539062, 0.2863563299179077, 0.3431781828403473, 0.3942215144634247, 0.44109150767326355, 0.48218297958374023, 0.5049759149551392, 0.5508828163146973, 0.580738365650177, 0.6022471785545349, 0.6314606666564941, 0.6603531241416931, 0.683146059513092, 0.6966292262077332, 0.6985553503036499, 0.7303370833396912, 0.7502407431602478, 0.7406099438667297, 0.774638831615448, 0.7598716020584106, 0.7942215204238892, 0.806099534034729, 0.806099534034729, 0.8179775476455688], "loss": [6.510629177093506, 3.5789594650268555, 3.5454866886138916, 3.48059344291687, 3.3314123153686523, 3.168496608734131, 2.9877994060516357, 2.8253512382507324, 2.6311490535736084, 2.4797394275665283, 2.2879414558410645, 2.1028037071228027, 1.9488624334335327, 1.7961028814315796, 1.728607177734375, 1.5602591037750244, 1.432227373123169, 1.3865212202072144, 1.3154186010360718, 1.1857577562332153, 1.103909969329834, 1.0786986351013184, 1.0527534484863281, 0.9739478826522827, 0.8732287883758545, 0.8875295519828796, 0.7875510454177856, 0.8256077170372009, 0.715892493724823, 0.6888413429260254, 0.6925969123840332, 0.6641704440116882], "val_accuracy": [0.028490029275417328, 0.03133903071284294, 0.07977207750082016, 0.12820513546466827, 0.19088318943977356, 0.25925925374031067, 0.34472933411598206, 0.38461539149284363, 0.47578346729278564, 0.5384615659713745, 0.5811966061592102, 0.6011396050453186, 0.692307710647583, 0.6894586682319641, 0.7321937084197998, 0.7236467003822327, 0.7207977175712585, 0.752136766910553, 0.7549857497215271, 0.7806267738342285, 0.809116780757904, 0.7549857497215271, 0.8376068472862244, 0.8062677979469299, 0.8461538553237915, 0.8433048725128174, 0.8632478713989258, 0.8860399127006531, 0.9031339287757874, 0.8945869207382202, 0.9088318943977356, 0.9230769276618958], "val_loss": [3.58329439163208, 3.5786502361297607, 3.4810760021209717, 3.298893928527832, 3.041478157043457, 2.7699453830718994, 2.528780221939087, 2.346409797668457, 2.0393190383911133, 1.7884032726287842, 1.5574777126312256, 1.5326929092407227, 1.2626028060913086, 1.3006106615066528, 1.0695134401321411, 1.1072666645050049, 1.1966886520385742, 0.9326847195625305, 0.8851224184036255, 0.862755298614502, 0.7663236260414124, 0.8896147608757019, 0.6758668422698975, 0.7158874869346619, 0.638314425945282, 0.700560986995697, 0.6397217512130737, 0.5109583735466003, 0.4997692406177521, 0.45579010248184204, 0.4295954704284668, 0.41833025217056274]}